"","UserID","Gender","Supertoto_max_stakes","Supertoto_mean_Bets","Supertoto_mean_Stakes","Supertoto_mean_Winnings","Recency_bet_supertoto","Continent"
"1",1324386,1,3.2,1.4,0.92,0.76,50,"Europe"
"2",1324454,1,11.4,1.6,3.21,2.65,208,"Europe"
"3",1324527,1,5.5,2,5.5,4.54,51,"Asia"
"4",1324708,1,3.3,2.09,0.98,0.81,115,"Europe"
"5",1324866,1,1.5,3.5,0.81,0.68,80,"Europe"
"6",1324868,1,0.1,1,0.1,0.08,149,"Asia"
"7",1325024,1,3.2,1,2.13,1.76,147,"Others"
"8",1325027,0,6.4,0.91,2.22,1.89,36,"Europe"
"9",1325077,1,3.2,1,1.85,1.69,236,"Europe"
"10",1325080,0,28.8,0.8,10.06,8.3,146,"Europe"
"11",1325337,0,7.2,1,3.56,3.04,1,"Europe"
"12",1325491,1,5.4,38.75,3.88,3.2,208,"Europe"
"13",1325543,1,25.6,1,20.27,16.72,225,"Europe"
"14",1325619,1,10.8,1,2.42,2.02,4,"Europe"
"15",1325703,0,4,1.43,1.8,1.49,183,"Europe"
"16",1325706,1,0.8,1,0.8,0.66,100,"Asia"
"17",1325824,1,1.6,0.67,0.57,0.47,159,"Europe"
"18",1326014,1,0.1,1,0.1,0.08,218,"Europe"
"19",1326037,1,0.8,1,0.8,0.66,203,"Europe"
"20",1326070,1,0.5,1,0.5,0.41,19,"Europe"
"21",1326085,1,0.1,1,0.1,0.09,32,"Europe"
"22",1326427,1,0.1,1,0.1,0.08,113,"Europe"
"23",1326429,1,1.2,1,1.2,1.11,241,"Europe"
"24",1326452,1,73.1,22.9,16.84,13.89,36,"Europe"
"25",1326564,0,0.2,1.5,0.15,0.12,133,"Europe"
"26",1326592,1,25.6,0.94,9.93,8.28,8,"Europe"
"27",1326709,1,0.5,2,0.47,0.38,214,"Europe"
"28",1326781,1,0.5,1,0.5,0.41,234,"Europe"
"29",1326788,0,1,1,1,0.82,3,"Europe"
"30",1326861,1,12.8,1,9.6,7.92,229,"Europe"
"31",1326900,1,2,1,2,1.65,180,"Asia"
"32",1326907,1,0.5,1,0.38,0.31,9,"Europe"
"33",1326919,1,1.6,1.5,0.9,0.74,191,"Asia"
"34",1326977,1,0.5,1,0.5,0.41,235,"Europe"
"35",1327015,1,2,1,1.06,0.87,156,"Europe"
"36",1327120,1,2.2,3.5,1.9,1.65,203,"Asia"
"37",1327179,1,14.4,1,3.67,3.03,82,"Europe"
"38",1327245,1,4.8,2.75,3.27,2.83,7,"Europe"
"39",1327258,1,7.2,1.65,2.22,1.86,10,"Europe"
"40",1327333,1,0.5,1,0.5,0.41,207,"Europe"
"41",1327419,1,32,0.87,9.02,7.48,39,"Europe"
"42",1327561,1,1.6,13,1.3,1.07,210,"Europe"
"43",1327584,1,0.2,1,0.2,0.16,177,"Europe"
"44",1327695,1,0.5,1.3,0.18,0.15,56,"Europe"
"45",1327714,1,4,1,4,3.3,3,"Europe"
"46",1327755,1,6,1,5.2,4.29,17,"Europe"
"47",1327904,1,0.1,1,0.1,0.09,10,"Asia"
"48",1327920,1,2,4,2,1.65,238,"Europe"
"49",1327922,1,0.2,2,0.2,0.16,240,"Europe"
"50",1328028,1,4,1.5,3.25,2.68,185,"Europe"
"51",1328083,1,3.2,0.9,1.31,1.14,5,"Europe"
"52",1328130,1,0.5,1,0.5,0.41,24,"Europe"
"53",1328184,1,0.1,1,0.1,0.08,231,"Europe"
"54",1328285,1,0.1,1,0.1,0.09,239,"Europe"
"55",1328337,1,15.5,1.89,2.86,2.38,27,"Europe"
"56",1328386,1,25.6,1.11,2.79,2.32,2,"Europe"
"57",1328537,1,30.6,2.22,9.41,7.9,8,"Europe"
"58",1328618,1,4,1,4,3.3,208,"Europe"
"59",1328639,1,0.2,2,0.2,0.16,212,"Europe"
"60",1328667,1,1,1.33,0.53,0.44,235,"Asia"
"61",1328688,1,7,2,3.75,3.09,4,"Europe"
"62",1328758,0,4.5,1,4.5,3.71,18,"Europe"
"63",1328908,1,2,1,2,1.65,192,"Europe"
"64",1328938,0,0.8,1,0.8,0.66,15,"Europe"
"65",1328954,1,0.5,2,0.4,0.33,189,"Europe"
"66",1328965,1,3.2,1.12,1.14,0.94,59,"Asia"
"67",1329025,1,25.6,1.2,7.9,6.52,161,"Europe"
"68",1329122,1,0.5,1,0.5,0.41,235,"Europe"
"69",1329138,1,0.5,1,0.5,0.41,61,"Europe"
"70",1329409,1,0.8,1,0.37,0.3,196,"Europe"
"71",1329468,1,3.2,1.29,1.4,1.18,212,"Europe"
"72",1329564,0,12.8,1,9.6,7.92,233,"Europe"
"73",1329725,1,1.5,2,0.73,0.6,72,"Europe"
"74",1329825,1,32,5.38,11.6,9.57,104,"Europe"
"75",1330016,0,216,1.28,40.36,33.29,1,"Europe"
"76",1330037,1,4,0.5,2,1.65,103,"Europe"
"77",1330146,1,6,1.57,2.06,1.7,215,"Europe"
"78",1330177,1,1,2,1,0.82,228,"Asia"
"79",1330209,1,0.5,1.4,0.3,0.25,225,"Europe"
"80",1330256,1,20,1.29,10.43,8.79,159,"Europe"
"81",1330326,1,0.5,1,0.5,0.41,24,"Europe"
"82",1330417,1,2.4,1,2.4,1.98,121,"Europe"
"83",1330544,1,43.3,0.85,6.5,5.48,23,"Europe"
"84",1330567,1,3.6,0.83,2,1.65,7,"Asia"
"85",1330575,1,16.6,1.2,5.1,4.34,66,"Europe"
"86",1330589,0,0.5,1,0.3,0.25,33,"Europe"
"87",1330721,1,0.8,1,0.59,0.48,210,"Europe"
"88",1331209,1,2,1,2,1.65,234,"Europe"
"89",1331352,1,57.6,0.83,15.67,12.93,211,"Europe"
"90",1331639,1,1.8,2.11,0.64,0.53,7,"Europe"
"91",1331693,1,2,1.61,0.87,0.73,4,"Europe"
"92",1331706,1,0.5,1,0.5,0.41,238,"Europe"
"93",1331713,1,1,1.5,0.55,0.45,124,"Europe"
"94",1331901,1,24,1.18,5.7,4.73,3,"Europe"
"95",1332078,1,2,1,2,1.65,21,"Europe"
"96",1332087,1,3.2,1.4,0.5,0.45,127,"Europe"
"97",1332317,1,0.1,1,0.1,0.08,106,"Europe"
"98",1332422,0,2,1,2,1.65,24,"Europe"
"99",1332434,1,16,3,16,13.2,233,"Europe"
"100",1332491,1,1.6,1,1.2,1.03,220,"Europe"
"101",1332533,1,108,0.67,33.07,27.28,37,"Europe"
"102",1332544,1,1.6,0.75,0.78,0.64,68,"Europe"
"103",1332568,1,1.6,2,0.68,0.56,210,"Asia"
"104",1332638,1,0.5,1,0.5,0.41,228,"Europe"
"105",1332667,1,3,1.5,2.5,2.06,186,"Europe"
"106",1332677,0,1,1,0.58,0.48,204,"Europe"
"107",1332719,1,0.8,3,0.8,0.66,239,"Europe"
"108",1332938,1,0.4,1,0.4,0.33,1,"Asia"
"109",1332942,1,9.6,1.54,2.02,1.69,172,"Asia"
"110",1333091,1,0.5,0.5,0.25,0.21,215,"Europe"
"111",1333167,1,3,1.33,1.23,1.02,204,"Asia"
"112",1333312,1,15.2,3.8,2.07,1.7,7,"Europe"
"113",1333329,1,0.5,1,0.5,0.41,2,"Europe"
"114",1333380,1,4,1,4,3.3,56,"Europe"
"115",1333388,1,2,1,1.5,1.24,139,"Europe"
"116",1333389,1,2,1,2,1.65,145,"Europe"
"117",1333396,1,3.2,1,1.73,1.44,90,"Asia"
"118",1333439,1,1.8,1,0.95,0.78,15,"Europe"
"119",1333565,1,0.1,1,0.1,0.08,49,"Europe"
"120",1333684,1,35.2,1.67,25.87,21.34,231,"Europe"
"121",1333794,1,0.5,1,0.48,0.39,4,"Europe"
"122",1333877,1,0.5,0.67,0.33,0.27,2,"Europe"
"123",1333988,1,1.6,1,1.6,1.32,238,"Europe"
"124",1334344,1,1.5,1.5,1,0.82,187,"Europe"
"125",1334381,1,0.5,1,0.5,0.41,28,"Europe"
"126",1334588,1,2,1,1.8,1.48,82,"Europe"
"127",1334737,1,7.2,1,4.45,3.68,225,"Asia"
"128",1334840,1,1.6,1.05,0.57,0.48,29,"Europe"
"129",1334860,1,0.5,1,0.5,0.41,144,"Europe"
"130",1335135,1,0.5,1,0.5,0.41,215,"Europe"
"131",1335367,1,97.3,2,97.3,80.27,142,"Europe"
"132",1335389,1,1.6,1,0.8,0.66,178,"Europe"
"133",1335529,1,6.5,1.11,2.81,2.35,44,"Europe"
"134",1335741,1,0.5,1,0.5,0.41,213,"Europe"
"135",1335760,1,3.6,1,3.6,2.97,105,"Europe"
"136",1335855,1,38.7,3,14.06,11.6,1,"Asia"
"137",1335910,1,1.5,3,1.5,1.24,167,"Asia"
"138",1335955,1,3.2,1,3.2,2.96,227,"Europe"
"139",1336035,1,8,1,2.11,1.78,1,"Europe"
"140",1336079,1,128,1,69.4,57.25,224,"Europe"
"141",1336108,1,1.6,1,0.93,0.77,219,"Asia"
"142",1336140,1,0.5,1,0.5,0.41,230,"Europe"
"143",1336151,1,12,1,6.3,5.2,51,"Asia"
"144",1336179,1,0.5,1,0.3,0.25,188,"Europe"
"145",1336306,1,0.1,1,0.1,0.08,125,"Asia"
"146",1336351,1,0.1,1,0.1,0.09,234,"Europe"
"147",1336436,1,1.6,1,1.25,1.03,175,"Europe"
"148",1336618,1,1.6,1.2,0.57,0.47,41,"Europe"
"149",1336625,1,12.5,1.25,4.55,3.75,181,"Europe"
"150",1336708,1,14.4,1.45,5.81,4.79,1,"Europe"
"151",1336822,1,0.5,1,0.5,0.41,206,"Europe"
"152",1337082,0,0.1,1,0.1,0.08,217,"Europe"
"153",1337159,1,0.2,1,0.2,0.16,150,"Europe"
"154",1337321,1,1.8,1,1.8,1.49,224,"Asia"
"155",1337367,1,6,0.91,3.16,2.66,8,"Europe"
"156",1337625,1,0.8,1,0.8,0.66,196,"Europe"
"157",1337712,1,6.4,1,6.4,5.28,98,"Europe"
"158",1337756,1,0.5,1,0.5,0.41,123,"Europe"
"159",1337839,1,4,1.67,1.8,1.48,203,"Europe"
"160",1338168,1,0.5,1.75,0.28,0.23,2,"Europe"
"161",1338194,1,1.8,2,1.4,1.25,234,"Europe"
"162",1338341,1,0.5,1,0.5,0.41,204,"Europe"
"163",1338389,1,0.5,1,0.5,0.41,174,"Europe"
"164",1338399,1,2,1,0.49,0.41,198,"Europe"
"165",1338525,1,4,1,2.17,1.79,191,"Europe"
"166",1338527,0,1.6,1,1.6,1.32,83,"Europe"
"167",1338605,1,0.5,1,0.5,0.41,235,"Europe"
"168",1338654,1,4.8,1,4.8,4.44,227,"Europe"
"169",1338714,1,3.2,1,0.78,0.64,30,"Europe"
"170",1338724,1,0.1,1,0.1,0.08,149,"Europe"
"171",1338783,1,37.6,8.6,8.13,7.13,197,"Asia"
"172",1338984,1,2.7,1,1.5,1.24,189,"Europe"
"173",1339039,1,0.5,1,0.48,0.4,4,"Europe"
"174",1339137,1,0.1,1,0.1,0.08,170,"Europe"
"175",1339330,1,0.5,1,0.5,0.41,237,"Europe"
"176",1339349,1,4,0.89,2.76,2.27,207,"Europe"
"177",1339437,1,1.2,1,0.65,0.54,213,"Europe"
"178",1339472,1,5.4,1,4.95,4.08,117,"Europe"
"179",1339546,1,1.6,1,1.6,1.32,233,"Europe"
"180",1339697,1,10.7,2.25,3.97,3.45,227,"Europe"
"181",1339806,1,0.5,1,0.5,0.41,235,"Europe"
"182",1339824,1,2,1,2,1.65,208,"Europe"
"183",1339999,1,14.6,3.75,3.5,3.07,5,"Europe"
"184",1340024,1,0.5,1,0.5,0.41,236,"Europe"
"185",1340028,1,0.5,1.25,0.22,0.19,9,"Europe"
"186",1340059,1,1,2,1,0.92,192,"Europe"
"187",1340070,1,0.4,1,0.4,0.33,72,"Europe"
"188",1340269,0,1.6,1.4,0.78,0.64,203,"Europe"
"189",1340303,1,2.4,1.33,1.53,1.26,223,"Europe"
"190",1340655,1,0.3,3,0.3,0.25,219,"Asia"
"191",1340684,1,8,1,8,6.6,236,"Europe"
"192",1340761,1,2,1.91,0.67,0.56,126,"Europe"
"193",1341002,1,0.5,1,0.5,0.41,110,"Europe"
"194",1341012,1,0.5,1,0.5,0.41,234,"Europe"
"195",1341307,1,0.4,2,0.4,0.33,189,"Europe"
"196",1341376,1,38.6,2.67,10.38,8.66,2,"Europe"
"197",1341409,1,0.3,1.75,0.18,0.15,9,"Europe"
"198",1341540,1,14.7,4.04,3.41,2.84,93,"Europe"
"199",1341665,1,0.2,2,0.2,0.16,24,"Europe"
"200",1341722,1,2.8,1.5,1.4,1.16,145,"Europe"
"201",1341752,1,0.1,1,0.1,0.08,233,"Europe"
"202",1341777,1,3,6,3,2.48,208,"Europe"
"203",1341967,1,2.4,1,0.73,0.6,9,"Europe"
"204",1342310,0,0.7,2,0.6,0.5,233,"Europe"
"205",1342478,1,6.4,1,3.77,3.11,19,"Europe"
"206",1342512,1,19.2,0.75,11.2,9.24,192,"Europe"
"207",1342564,1,1.8,2.04,0.47,0.4,1,"Europe"
"208",1342733,1,9.6,1.5,4.8,3.96,33,"Europe"
"209",1342900,1,16,1.44,2.34,1.93,3,"Asia"
"210",1343186,1,32,1,32,26.4,230,"Europe"
"211",1343255,1,2,2,0.78,0.64,3,"Europe"
"212",1343675,1,0.5,0.86,0.2,0.17,185,"Europe"
"213",1343709,1,8,1,6,4.95,229,"Europe"
"214",1343976,1,8,1.29,1.58,1.31,8,"Europe"
"215",1343999,1,0.5,1,0.5,0.41,213,"Europe"
"216",1344035,1,9,5.5,4.75,3.92,15,"Europe"
"217",1344092,1,7.2,1.04,1.41,1.18,1,"Europe"
"218",1344165,1,12.8,1,5.02,4.18,145,"Europe"
"219",1344300,1,25.6,1,25.6,21.12,224,"Europe"
"220",1344460,1,6.4,1.22,2.19,1.81,148,"Europe"
"221",1344642,1,9,1.6,3.88,3.2,8,"Europe"
"222",1344662,1,0.5,1,0.5,0.41,213,"Europe"
"223",1344699,1,0.5,1,0.5,0.41,186,"Asia"
"224",1344703,1,4.8,1,4.8,3.96,217,"Europe"
"225",1344711,1,0.1,1,0.1,0.08,231,"Asia"
"226",1344999,1,13.5,2.5,6.85,5.66,178,"Europe"
"227",1345043,1,1.6,0.86,0.59,0.49,120,"Europe"
"228",1345050,1,3.2,1,3.2,2.8,207,"Europe"
"229",1345102,0,10.8,6,8.3,6.85,189,"Europe"
"230",1345282,1,0.5,1,0.4,0.34,178,"Asia"
"231",1345391,1,6,1.31,2.26,1.87,7,"Europe"
"232",1345476,1,10,1.42,1.98,1.64,1,"Americas"
"233",1345486,1,2.4,1,2.4,2.22,234,"Europe"
"234",1345574,1,16.5,2.57,5.01,4.16,195,"Asia"
"235",1345703,1,6,1.4,1.8,1.52,208,"Europe"
"236",1345792,1,145.8,0.67,52.6,43.39,186,"Europe"
"237",1345852,1,64,1.24,10.64,8.9,14,"Europe"
"238",1346031,1,12.6,4.53,5.07,4.27,152,"Europe"
"239",1346068,1,4,1,2.4,1.98,207,"Europe"
"240",1346081,1,3.2,1,3.2,2.64,226,"Europe"
"241",1346153,1,0.5,1,0.5,0.41,222,"Europe"
"242",1346158,1,0.8,1,0.8,0.66,170,"Europe"
"243",1346284,1,22.4,3.21,4.85,4.12,15,"Europe"
"244",1346545,1,0.5,1,0.5,0.41,215,"Europe"
"245",1346614,1,13.6,1.06,2.15,1.87,1,"Europe"
"246",1346771,1,6.4,3.6,3.08,2.64,22,"Europe"
"247",1346781,1,2.2,2.84,0.61,0.5,15,"Europe"
"248",1347012,1,0.2,1.33,0.13,0.11,224,"Asia"
"249",1347051,1,6,1.17,1.6,1.32,24,"Europe"
"250",1347053,1,0.5,1,0.3,0.25,215,"Europe"
"251",1347136,1,4,1,4,3.3,146,"Europe"
"252",1347310,1,9.6,3,4.15,3.52,26,"Europe"
"253",1347369,1,0.3,3,0.3,0.25,225,"Europe"
"254",1347382,1,3.2,1.5,2.6,2.15,19,"Europe"
"255",1347449,1,0.5,1.5,0.35,0.3,187,"Europe"
"256",1347471,1,1,1.29,0.4,0.33,1,"Europe"
"257",1347534,1,6.4,1,6.4,5.28,28,"Europe"
"258",1347537,1,3.3,1.25,1.25,1.05,169,"Asia"
"259",1347581,0,0.2,2,0.2,0.16,233,"Europe"
"260",1347828,1,1,1,1,0.82,166,"Europe"
"261",1347867,1,4,1,4,3.3,230,"Europe"
"262",1347896,1,0.5,1,0.5,0.41,208,"Europe"
"263",1347899,1,9.6,1,9.6,7.92,168,"Europe"
"264",1347960,1,3.2,1,2.52,2.14,16,"Europe"
"265",1348058,1,0.5,1.5,0.35,0.29,219,"Europe"
"266",1348081,1,4.5,1,4.5,3.71,228,"Europe"
"267",1348100,0,0.5,1,0.33,0.28,222,"Europe"
"268",1348135,1,1.2,1,1.2,0.99,233,"Asia"
"269",1348150,1,28.8,0.5,14.4,11.88,33,"Europe"
"270",1348152,1,16.8,1.28,3.63,3.1,1,"Europe"
"271",1348156,1,4.8,1,2.83,2.44,213,"Europe"
"272",1348168,1,19.2,1,17.6,14.52,221,"Europe"
"273",1348193,1,6.4,1.14,3.27,2.7,11,"Europe"
"274",1348215,1,1.6,1,0.56,0.47,1,"Europe"
"275",1348224,1,1.5,1.33,0.48,0.4,3,"Europe"
"276",1348291,1,3.2,1.12,1.86,1.58,2,"Europe"
"277",1348340,1,0.1,1,0.1,0.08,15,"Europe"
"278",1348393,1,0.5,0.83,0.15,0.13,186,"Europe"
"279",1348436,1,1.1,3,0.36,0.29,50,"Europe"
"280",1348487,1,0.6,1,0.4,0.34,29,"Europe"
"281",1348491,1,2.5,2.25,1.25,1.04,148,"Europe"
"282",1348544,1,2.5,5,2.5,2.06,201,"Europe"
"283",1348738,1,0.1,1,0.1,0.08,36,"Europe"
"284",1348751,1,1.5,1,1.25,1.03,223,"Asia"
"285",1348888,1,0.5,1,0.5,0.41,223,"Europe"
"286",1348914,1,0.2,2,0.2,0.16,232,"Europe"
"287",1348956,1,0.3,1.43,0.14,0.12,141,"Europe"
"288",1349070,1,1,1.33,0.63,0.52,1,"Europe"
"289",1349091,1,0.1,1,0.1,0.08,43,"Europe"
"290",1349356,1,3.2,1.33,0.77,0.63,1,"Asia"
"291",1349504,0,0.3,2,0.3,0.25,226,"Asia"
"292",1349514,1,6.4,1,6.4,5.28,225,"Europe"
"293",1349591,1,0.5,1,0.5,0.41,70,"Europe"
"294",1349592,1,2,1,2,1.65,209,"Asia"
"295",1349635,1,6,3.33,3.03,2.51,130,"Europe"
"296",1349734,1,6.4,1.11,2.07,1.78,179,"Europe"
"297",1349782,1,3.2,2,3.2,2.64,219,"Europe"
"298",1349895,1,0.5,1,0.5,0.41,12,"Asia"
"299",1349905,1,0.1,1,0.1,0.08,213,"Europe"
"300",1350008,0,0.5,1,0.5,0.41,164,"Europe"
"301",1350021,1,4,1,1.98,1.63,217,"Europe"
"302",1350027,1,8.1,0.9,5.18,4.35,161,"Europe"
"303",1350182,1,0.8,1.71,0.48,0.4,155,"Europe"
"304",1350253,1,9.6,1,2.72,2.27,16,"Europe"
"305",1350318,1,11.2,3.89,3.26,2.69,15,"Europe"
"306",1350408,1,7,1.92,1.56,1.29,140,"Europe"
"307",1350419,1,0.1,1,0.1,0.08,219,"Europe"
"308",1350425,1,13.5,2.12,5.81,4.8,180,"Europe"
"309",1350599,1,19.23,1,11.62,9.58,30,"Europe"
"310",1350733,1,0.5,1,0.5,0.41,216,"Europe"
"311",1350978,1,0.1,1,0.1,0.08,140,"Europe"
"312",1351053,0,0.1,1,0.1,0.08,225,"Asia"
"313",1351120,1,38.4,1.2,6.79,5.86,137,"Europe"
"314",1351159,1,25.6,1,25.6,21.12,231,"Europe"
"315",1351252,1,21.6,1,21.6,17.82,231,"Europe"
"316",1351320,1,0.5,1,0.5,0.41,186,"Asia"
"317",1351487,1,44,14,26.76,22.08,21,"Europe"
"318",1351514,1,41.8,4.24,8.27,6.87,23,"Europe"
"319",1351549,1,4,1,1.44,1.19,121,"Asia"
"320",1351552,1,1,1.25,0.32,0.26,154,"Europe"
"321",1351613,1,12,19.33,5.93,5.2,172,"Europe"
"322",1351632,1,2,1,1.73,1.43,37,"Europe"
"323",1351716,1,0.5,1,0.5,0.41,193,"Europe"
"324",1351770,0,0.8,1,0.8,0.66,210,"Europe"
"325",1351828,1,20.5,2.2,5.92,4.96,1,"Europe"
"326",1352036,1,0.1,1,0.1,0.08,197,"Europe"
"327",1352293,1,57.6,1,57.6,47.52,225,"Europe"
"328",1352309,1,3.2,1,1,0.84,30,"Europe"
"329",1352385,1,0.5,3,0.3,0.25,189,"Europe"
"330",1352436,1,76.8,1,42.4,34.98,227,"Europe"
"331",1352645,1,1,1.5,0.75,0.62,201,"Europe"
"332",1352723,1,1.5,2,1.5,1.24,192,"Europe"
"333",1352910,1,32.4,0.86,7.41,6.12,49,"Europe"
"334",1353011,1,0.1,1,0.1,0.08,226,"Europe"
"335",1353039,1,1,1,0.55,0.45,194,"Europe"
"336",1353067,1,8.1,1.83,2.47,2.08,53,"Europe"
"337",1353107,1,2,5,2,1.65,106,"Europe"
"338",1353358,1,0.5,1,0.3,0.25,210,"Asia"
"339",1353365,1,1.6,0.5,0.8,0.66,208,"Europe"
"340",1353476,1,9,2,9,7.42,16,"Europe"
"341",1353533,1,0.5,1,0.3,0.25,186,"Europe"
"342",1353672,1,4.8,1.2,2.42,2,14,"Europe"
"343",1353790,1,8,1,8,6.6,230,"Europe"
"344",1353792,1,2,1,2,1.65,174,"Europe"
"345",1354290,1,1.2,1,0.51,0.42,2,"Europe"
"346",1354378,1,0.5,1,0.5,0.41,223,"Europe"
"347",1354427,1,1,1.75,0.38,0.31,1,"Europe"
"348",1354482,1,14.4,2.83,1.55,1.34,40,"Europe"
"349",1354485,1,12.8,1.15,5.05,4.32,23,"Europe"
"350",1354642,1,3.2,0.71,1.26,1.04,152,"Europe"
"351",1354811,1,0.51,1,0.2,0.17,92,"Europe"
"352",1354856,0,3.6,1.5,1.85,1.53,126,"Asia"
"353",1354965,0,5,3.57,1.4,1.16,186,"Europe"
"354",1354996,1,1.8,0.5,0.9,0.74,215,"Europe"
"355",1355129,1,3.2,1,1.37,1.13,210,"Europe"
"356",1355136,1,0.1,1,0.1,0.08,16,"Europe"
"357",1355222,1,0.1,1,0.1,0.09,149,"Europe"
"358",1355248,1,2.1,1.5,1.3,1.07,222,"Europe"
"359",1355260,1,0.1,1,0.1,0.08,225,"Europe"
"360",1355323,1,2.4,1,1.08,0.89,119,"Europe"
"361",1355837,1,12.8,1,2.86,2.38,2,"Europe"
"362",1355959,0,9.6,1,5.67,4.67,21,"Europe"
"363",1356034,1,1,1,0.75,0.62,117,"Europe"
"364",1356036,1,14.4,0.77,4.55,3.75,14,"Europe"
"365",1356317,1,2,1,0.7,0.58,23,"Europe"
"366",1356406,1,64,0.92,20.3,16.96,127,"Europe"
"367",1356414,1,3.2,1.33,0.95,0.84,33,"Europe"
"368",1356493,1,0.5,1.5,0.25,0.21,218,"Europe"
"369",1356507,1,0.1,1,0.1,0.09,213,"Asia"
"370",1356646,1,2,1.33,1.43,1.21,26,"Europe"
"371",1356727,1,1.6,4.71,0.54,0.45,12,"Europe"
"372",1356899,0,13,1.1,6.11,5.04,28,"Europe"
"373",1356925,1,9.6,1.08,2.69,2.22,5,"Europe"
"374",1357151,1,12.8,1.17,1.15,0.95,9,"Europe"
"375",1357196,1,64.8,20.4,18.56,16.61,144,"Europe"
"376",1357215,1,0.2,1.5,0.15,0.13,134,"Asia"
"377",1357294,1,18,3,18,14.85,17,"Europe"
"378",1357449,1,0.8,1,0.46,0.38,155,"Europe"
"379",1357461,1,0.5,1,0.3,0.25,93,"Europe"
"380",1357590,1,0.5,1,0.5,0.41,172,"Europe"
"381",1357736,1,0.8,1,0.65,0.54,183,"Europe"
"382",1357750,1,0.5,1,0.5,0.41,229,"Europe"
"383",1357827,1,0.1,1,0.1,0.08,149,"Europe"
"384",1357951,0,0.4,1,0.18,0.14,154,"Europe"
"385",1357974,1,8,1.21,2.11,1.76,42,"Europe"
"386",1357997,1,0.2,2,0.2,0.16,169,"Europe"
"387",1358094,1,1.2,1,1.2,0.99,227,"Europe"
"388",1358163,1,0.1,1,0.1,0.08,225,"Europe"
"389",1358171,1,2,1,0.78,0.64,200,"Europe"
"390",1358471,1,0.5,1,0.37,0.32,182,"Europe"
"391",1358556,1,1,1,1,0.82,200,"Europe"
"392",1358658,1,1.6,1,1.6,1.48,32,"Europe"
"393",1358754,1,3,2,1.53,1.27,50,"Europe"
"394",1358808,1,1.5,2,1,0.82,202,"Europe"
"395",1358930,1,4,1,4,3.3,215,"Europe"
"396",1358973,1,1.5,1.5,0.82,0.68,186,"Asia"
"397",1359061,1,2,1,2,1.65,174,"Europe"
"398",1359080,1,4,1,4,3.3,16,"Europe"
"399",1359172,1,0.1,1,0.1,0.08,36,"Europe"
"400",1359246,1,1.6,1.5,1.55,1.28,214,"Europe"
"401",1359253,1,6,1,2.15,1.77,193,"Asia"
"402",1359409,1,32,1.62,6.54,5.39,162,"Europe"
"403",1359629,1,1.6,1,1.6,1.32,196,"Europe"
"404",1359749,1,0.4,1,0.4,0.33,127,"Europe"
"405",1359793,1,1,2,1,0.82,227,"Europe"
"406",1359953,1,0.5,1,0.5,0.41,221,"Europe"
"407",1360013,1,16,1,13.6,11.65,123,"Europe"
"408",1360025,1,0.1,1,0.1,0.08,14,"Europe"
"409",1360186,1,0.8,1,0.8,0.66,226,"Europe"
"410",1360240,1,0.5,1,0.5,0.41,228,"Europe"
"411",1360308,1,28.8,1.14,11.66,9.62,3,"Europe"
"412",1360380,1,0.5,1,0.23,0.19,208,"Europe"
"413",1360421,1,3,1,3,2.48,152,"Europe"
"414",1360426,1,12.8,1,12.8,10.56,175,"Europe"
"415",1360452,1,1,1,0.58,0.49,2,"Europe"
"416",1360475,1,2,0.67,0.93,0.76,180,"Asia"
"417",1360477,1,9.5,1.25,3.38,2.78,159,"Europe"
"418",1360551,1,0.5,1.3,0.26,0.21,7,"Europe"
"419",1360590,0,0.8,1,0.17,0.15,129,"Europe"
"420",1360876,1,4,0.5,2,1.65,215,"Europe"
"421",1360964,1,1,1.33,0.63,0.52,187,"Asia"
"422",1360997,1,0.1,1,0.1,0.08,170,"Europe"
"423",1361162,1,0.5,1,0.5,0.41,207,"Europe"
"424",1361177,1,1,1.5,0.6,0.5,201,"Europe"
"425",1361186,1,0.5,1.67,0.37,0.32,168,"Europe"
"426",1361241,1,13,2.5,7.5,6.19,104,"Europe"
"427",1361269,1,19.2,1.2,6.29,5.32,7,"Europe"
"428",1361345,1,3.2,0.67,2.13,1.76,197,"Europe"
"429",1361380,0,4,1.33,1.6,1.32,117,"Asia"
"430",1361410,1,2,1,1.2,0.99,175,"Asia"
"431",1361472,1,0.5,1,0.5,0.41,207,"Europe"
"432",1361613,1,3.2,1.67,0.97,0.82,206,"Europe"
"433",1361715,1,0.3,2,0.2,0.16,149,"Europe"
"434",1361775,1,0.1,1,0.1,0.08,177,"Europe"
"435",1361831,1,4.5,1,3.45,2.85,4,"Asia"
"436",1361922,1,0.5,1,0.5,0.41,61,"Europe"
"437",1361959,1,1,1.33,0.57,0.47,173,"Europe"
"438",1362019,1,21.6,0.83,13.47,11.43,3,"Europe"
"439",1362058,0,0.1,1,0.1,0.08,176,"Europe"
"440",1362269,1,14.4,1,14.4,11.88,141,"Europe"
"441",1362278,1,4,1,1.75,1.45,1,"Europe"
"442",1362429,1,0.5,1,0.5,0.41,82,"Europe"
"443",1362562,1,6.8,4,3.5,2.89,218,"Europe"
"444",1362995,1,8,1,8,6.6,167,"Europe"
"445",1363450,1,6.4,4.22,1.58,1.31,14,"Europe"
"446",1363500,1,1.5,1.33,0.78,0.65,4,"Europe"
"447",1363552,1,0.8,1,0.8,0.66,1,"Europe"
"448",1363553,1,0.9,1,0.9,0.74,197,"Europe"
"449",1363556,1,0.4,1,0.4,0.33,114,"Europe"
"450",1363559,1,1.6,1,1.6,1.48,185,"Europe"
"451",1363591,1,76.8,0.83,33.23,27.89,121,"Europe"
"452",1363641,1,16,1,16,13.2,3,"Europe"
"453",1363664,0,84.3,5.31,11.74,9.77,120,"Europe"
"454",1363684,1,6.4,2,2.57,2.12,21,"Europe"
"455",1363719,1,0.5,1,0.5,0.41,24,"Europe"
"456",1363786,1,5.4,1,2.1,1.73,14,"Europe"
"457",1363979,1,1,1,0.43,0.36,27,"Asia"
"458",1364048,1,1,1,1,0.82,188,"Europe"
"459",1364063,1,4.2,12.23,2.21,1.85,133,"Europe"
"460",1364096,1,0.8,1,0.57,0.52,185,"Europe"
"461",1364232,1,0.5,1,0.4,0.33,1,"Asia"
"462",1364593,1,1,1.55,0.35,0.3,28,"Europe"
"463",1364684,1,4,1,4,3.3,172,"Europe"
"464",1364691,1,11,1.67,6.33,5.22,207,"Europe"
"465",1364802,1,1,2,1,0.82,221,"Europe"
"466",1364828,1,7.2,1,7.2,5.94,219,"Europe"
"467",1364844,1,0.1,1,0.1,0.08,197,"Europe"
"468",1365011,1,24.3,1.75,3.08,2.54,42,"Asia"
"469",1365047,1,1,1.5,0.75,0.62,221,"Asia"
"470",1365074,1,0.1,1,0.1,0.08,225,"Europe"
"471",1365178,1,4.8,1,1.49,1.23,18,"Europe"
"472",1365197,1,0.5,1,0.32,0.27,45,"Europe"
"473",1365282,1,3.2,1,1.85,1.53,223,"Europe"
"474",1365363,1,1,0.88,0.55,0.46,124,"Europe"
"475",1365467,1,10.4,3,10.4,9.22,213,"Europe"
"476",1365490,1,3.2,1,1.44,1.19,119,"Europe"
"477",1365584,1,1,1,0.75,0.62,182,"Asia"
"478",1365606,1,0.1,1,0.1,0.08,149,"Europe"
"479",1365846,1,0.1,1,0.1,0.09,31,"Europe"
"480",1365898,1,2.4,1.33,1.23,1.02,219,"Europe"
"481",1365969,1,0.5,1,0.5,0.41,16,"Europe"
"482",1366019,1,56,0.95,14.21,11.75,1,"Europe"
"483",1366028,1,3.6,0.84,2.02,1.7,5,"Europe"
"484",1366045,1,0.8,1,0.8,0.74,31,"Europe"
"485",1366080,1,0.5,1,0.5,0.41,215,"Europe"
"486",1366224,1,25.6,2.37,5.69,4.71,27,"Europe"
"487",1366423,1,4,1.33,2.67,2.2,4,"Europe"
"488",1366464,1,8,1,5.3,4.45,146,"Europe"
"489",1366683,1,1.6,1,0.83,0.69,76,"Asia"
"490",1366686,1,3.2,1,1.4,1.16,215,"Europe"
"491",1366789,1,0.1,1,0.1,0.08,190,"Europe"
"492",1366934,1,0.1,1,0.1,0.08,190,"Europe"
"493",1367045,0,0.1,1,0.1,0.09,221,"Europe"
"494",1367055,1,38.4,0.83,6.1,5.07,3,"Europe"
"495",1367060,0,0.5,1,0.35,0.29,18,"Europe"
"496",1367126,1,0.5,1,0.3,0.25,112,"Europe"
"497",1367268,1,0.8,1,0.28,0.23,204,"Europe"
"498",1367363,1,1.2,3.17,0.58,0.49,48,"Europe"
"499",1367399,1,0.1,0.5,0.05,0.04,208,"Europe"
"500",1367552,1,0.1,1,0.1,0.08,156,"Europe"
"501",1367762,1,14.4,0.8,4.56,3.89,149,"Europe"
"502",1367769,1,1.6,1,1.6,1.32,224,"Europe"
"503",1368058,1,0.4,1,0.4,0.33,141,"Europe"
"504",1368118,1,2,1.17,0.8,0.66,197,"Europe"
"505",1368157,1,0.5,1,0.5,0.41,217,"Europe"
"506",1368413,1,0.3,2.5,0.25,0.21,217,"Asia"
"507",1368475,1,2,1,1.15,0.95,180,"Europe"
"508",1368507,1,0.5,1,0.23,0.2,164,"Europe"
"509",1368509,1,0.1,1,0.1,0.09,3,"Europe"
"510",1368512,1,6.4,1,4.8,3.96,176,"Europe"
"511",1368649,1,1.98,1.8,0.82,0.67,17,"Europe"
"512",1369069,1,6.4,1,2.43,2,2,"Asia"
"513",1369086,1,27,1,27,22.27,186,"Europe"
"514",1369454,1,0.5,1,0.5,0.41,209,"Asia"
"515",1369646,1,0.5,1,0.5,0.41,223,"Europe"
"516",1369736,1,2,1,2,1.65,11,"Europe"
"517",1369806,1,8,2.64,1.49,1.23,5,"Europe"
"518",1369884,1,2,2.86,0.97,0.8,2,"Europe"
"519",1370009,1,0.1,1,0.1,0.08,50,"Europe"
"520",1370119,1,6.4,1,4.8,3.96,177,"Europe"
"521",1370210,1,1.5,3,1.5,1.24,152,"Asia"
"522",1370345,1,0.1,1,0.1,0.08,8,"Europe"
"523",1370484,1,4,0.83,1.5,1.25,198,"Asia"
"524",1370503,1,1.2,1.5,1.1,0.91,176,"Asia"
"525",1370536,1,4,2.5,2.85,2.35,189,"Europe"
"526",1370548,1,32,0.91,11.27,9.3,14,"Europe"
"527",1370662,0,0.5,1,0.5,0.41,62,"Asia"
"528",1370688,1,1.6,1,1.6,1.32,224,"Europe"
"529",1370755,0,4.8,0.67,2.8,2.31,138,"Europe"
"530",1370920,1,0.5,5,0.5,0.41,224,"Europe"
"531",1370941,1,0.5,1,0.23,0.2,179,"Europe"
"532",1370995,1,12.8,1,12.8,10.56,224,"Europe"
"533",1371055,1,2.4,1,1.63,1.35,187,"Europe"
"534",1371058,1,307.2,0.96,76.79,63.35,1,"Europe"
"535",1371317,1,14.4,1,14.4,11.88,224,"Europe"
"536",1371318,1,1,1,1,0.82,26,"Europe"
"537",1371404,0,1,2,0.38,0.32,19,"Europe"
"538",1371692,1,97.2,2.89,16.95,14.19,33,"Europe"
"539",1371850,0,3.6,1.05,0.77,0.67,20,"Europe"
"540",1371880,1,0.1,1,0.1,0.09,220,"Europe"
"541",1371977,1,1,1.33,0.67,0.55,194,"Europe"
"542",1372104,1,51.2,1.5,18.55,15.3,208,"Europe"
"543",1372197,1,1.6,1,1.05,0.95,221,"Europe"
"544",1372254,1,8,1.19,2.49,2.06,36,"Asia"
"545",1372492,1,57.6,1.5,22,18.15,191,"Europe"
"546",1372502,1,2,1.33,1.17,0.96,200,"Europe"
"547",1372534,1,12.8,1,7,5.93,8,"Europe"
"548",1372537,1,0.5,1,0.5,0.41,201,"Europe"
"549",1372679,1,0.1,1,0.1,0.08,203,"Europe"
"550",1372721,1,0.2,1,0.2,0.16,219,"Asia"
"551",1372739,0,0.5,1,0.23,0.19,169,"Asia"
"552",1372747,1,21.6,3,8.87,7.42,157,"Europe"
"553",1372763,1,8,1,8,6.6,60,"Europe"
"554",1372882,1,19.2,1,9.65,7.96,104,"Europe"
"555",1372904,1,10.6,9,10.6,8.74,211,"Europe"
"556",1373148,1,3.2,0.94,0.68,0.6,142,"Europe"
"557",1373581,0,0.6,6,0.6,0.5,219,"Europe"
"558",1373608,1,0.1,1,0.1,0.08,134,"Asia"
"559",1373838,1,0.5,2.25,0.38,0.31,140,"Europe"
"560",1374017,1,0.9,2,0.9,0.74,182,"Europe"
"561",1374866,1,9,2.26,4.43,3.73,1,"Europe"
"562",1374884,1,0.5,1,0.23,0.2,211,"Europe"
"563",1374942,1,12.8,4.18,2.15,1.82,119,"Europe"
"564",1375001,1,3.2,1,3.2,2.64,212,"Europe"
"565",1375200,0,0.5,1,0.35,0.29,195,"Asia"
"566",1375267,1,4.8,20.5,4.4,3.63,211,"Europe"
"567",1375272,0,0.5,1,0.5,0.41,217,"Europe"
"568",1375338,1,7.5,9.5,2.01,1.67,14,"Europe"
"569",1375349,1,7.2,1.5,2.18,1.8,83,"Europe"
"570",1375392,1,0.5,1,0.3,0.25,201,"Europe"
"571",1375501,1,0.5,1,0.34,0.28,44,"Europe"
"572",1375739,1,0.8,1,0.8,0.66,120,"Europe"
"573",1375925,1,17.2,2.05,3.02,2.51,4,"Europe"
"574",1375945,1,0.5,1,0.5,0.41,221,"Europe"
"575",1375971,1,10.8,7,8.65,7.14,170,"Europe"
"576",1376096,1,0.6,1.25,0.42,0.35,13,"Europe"
"577",1376103,1,2,1,2,1.65,129,"Europe"
"578",1376143,1,0.5,1,0.5,0.41,13,"Asia"
"579",1376160,1,0.5,1,0.35,0.29,74,"Europe"
"580",1376230,1,12.8,1,12.8,10.56,204,"Europe"
"581",1376255,0,0.1,1,0.1,0.09,220,"Europe"
"582",1376300,1,1.8,1,1.8,1.49,218,"Asia"
"583",1376316,1,1.6,1,1.3,1.15,220,"Asia"
"584",1376623,1,6.4,0.67,3.47,2.86,152,"Asia"
"585",1376633,1,2,1,2,1.65,222,"Europe"
"586",1376712,0,0.2,2,0.2,0.16,113,"Asia"
"587",1376742,1,0.8,1,0.8,0.66,170,"Europe"
"588",1376775,0,25.8,1.63,2.01,1.65,116,"Europe"
"589",1376780,1,5.5,6,5.5,5.09,220,"Europe"
"590",1376818,1,1,1,1,0.82,25,"Europe"
"591",1376959,1,3.6,1,3.6,3.33,220,"Europe"
"592",1377024,1,0.5,1,0.3,0.25,9,"Europe"
"593",1377056,1,4,1,4,3.3,164,"Europe"
"594",1377089,1,2.5,6.5,1.23,1.01,197,"Europe"
"595",1377368,1,3.2,0.75,2.1,1.73,208,"Europe"
"596",1377382,1,5,3.86,1.54,1.32,24,"Europe"
"597",1377467,1,0.1,1,0.1,0.08,218,"Europe"
"598",1377502,1,6.4,1,6.4,5.92,143,"Europe"
"599",1377791,0,1.2,0.8,0.72,0.59,134,"Europe"
"600",1377933,1,3,3,3,2.48,215,"Europe"
"601",1377983,1,0.5,1,0.5,0.41,185,"Asia"
"602",1378310,1,3.2,1,3.2,2.64,134,"Europe"
"603",1378538,1,0.1,1,0.1,0.08,210,"Europe"
"604",1378948,1,0.5,1.11,0.33,0.28,22,"Europe"
"605",1379004,1,6.5,2.2,1.28,1.06,35,"Europe"
"606",1379133,1,16,1.62,4.23,3.49,37,"Europe"
"607",1379273,1,8,1,8,6.6,116,"Europe"
"608",1379311,1,2,1.62,1.05,0.87,103,"Europe"
"609",1379349,1,4.1,1.35,0.86,0.71,2,"Europe"
"610",1379499,1,0.5,1.33,0.4,0.33,214,"Europe"
"611",1379607,1,0.5,1,0.5,0.41,221,"Europe"
"612",1379668,1,5,2,5,4.12,221,"Europe"
"613",1379679,1,0.5,1,0.5,0.41,209,"Europe"
"614",1379801,1,3.5,5.25,1.43,1.18,205,"Europe"
"615",1379897,1,0.1,1,0.1,0.09,157,"Europe"
"616",1380014,1,0.1,1,0.1,0.08,14,"Europe"
"617",1380189,1,0.4,2.5,0.3,0.25,23,"Europe"
"618",1380263,1,0.5,1,0.5,0.41,205,"Europe"
"619",1380386,1,2.8,1.7,0.7,0.61,3,"Europe"
"620",1380629,1,0.2,2,0.2,0.16,210,"Europe"
"621",1380746,1,0.5,1,0.5,0.41,221,"Europe"
"622",1380819,1,49.1,3.31,6.93,5.91,121,"Europe"
"623",1381193,1,3.3,2.5,2.75,2.35,211,"Europe"
"624",1381312,1,8,0.82,3.08,2.59,25,"Europe"
"625",1381391,1,0.5,1,0.5,0.41,217,"Europe"
"626",1381452,0,54.5,4.64,8.88,7.4,4,"Europe"
"627",1381501,1,0.5,1,0.2,0.17,157,"Europe"
"628",1381550,0,6.4,1,3.29,2.71,203,"Europe"
"629",1381604,0,1.6,0.67,1.07,0.88,204,"Europe"
"630",1381645,1,1,1,1,0.82,217,"Europe"
"631",1381693,1,0.5,1,0.5,0.41,214,"Americas"
"632",1382503,1,30.5,1.67,11.5,9.49,201,"Europe"
"633",1382759,1,0.1,1,0.1,0.09,220,"Europe"
"634",1382826,1,0.5,1,0.5,0.41,3,"Europe"
"635",1382856,1,2,1.5,0.72,0.59,11,"Europe"
"636",1382884,1,8,1,8,6.6,199,"Europe"
"637",1382885,1,0.5,1,0.5,0.41,205,"Europe"
"638",1382909,1,4,1,2.8,2.39,152,"Europe"
"639",1382923,1,0.5,1,0.25,0.21,164,"Europe"
"640",1382993,1,0.4,2.5,0.25,0.21,87,"Europe"
"641",1383588,1,5.4,1,5.4,4.46,218,"Europe"
"642",1383653,1,8,1,4.33,3.57,2,"Europe"
"643",1383966,1,2.4,1,2.2,1.82,199,"Europe"
"644",1384420,1,0.5,1,0.5,0.41,4,"Europe"
"645",1384448,1,72,0.79,18.48,15.25,1,"Europe"
"646",1384451,0,0.5,1,0.5,0.41,213,"Europe"
"647",1384462,1,1.5,1.31,0.28,0.24,91,"Europe"
"648",1384549,1,0.8,1,0.8,0.66,190,"Europe"
"649",1384630,1,0.4,1,0.4,0.33,218,"Europe"
"650",1384885,1,0.1,1,0.1,0.08,183,"Europe"
"651",1385076,1,4,1,4,3.3,213,"Europe"
"652",1385236,1,3.2,1,3.2,2.64,219,"Europe"
"653",1385288,1,3.2,1,3.2,2.64,218,"Europe"
"654",1385354,1,12.8,0.67,6.4,5.49,210,"Asia"
"655",1385385,1,4,1,1.44,1.21,4,"Europe"
"656",1385455,1,38.4,1.59,8.61,7.37,15,"Europe"
"657",1385604,1,0.2,2,0.2,0.18,220,"Europe"
"658",1385640,1,0.5,1,0.5,0.41,115,"Europe"
"659",1385995,1,1.6,1,1.6,1.32,121,"Europe"
"660",1386246,1,10,0.9,3.62,3,29,"Europe"
"661",1386433,1,6.4,1.25,3.95,3.26,37,"Europe"
"662",1386498,1,2,3,1.65,1.36,204,"Europe"
"663",1386608,1,1,1,1,0.82,158,"Europe"
"664",1386916,1,0.5,2.25,0.42,0.35,9,"Europe"
"665",1386961,1,0.8,1,0.8,0.66,210,"Europe"
"666",1386992,1,2,1,1.25,1.03,206,"Europe"
"667",1386994,0,51.2,1.22,9.98,8.23,2,"Europe"
"668",1387015,1,3.2,1,3.2,2.64,210,"Europe"
"669",1387167,1,8,1,8,6.6,124,"Europe"
"670",1387310,1,0.1,1,0.1,0.08,217,"Europe"
"671",1387319,1,4.5,1.5,3.45,2.97,164,"Europe"
"672",1387339,1,0.5,1,0.37,0.3,4,"Europe"
"673",1387403,0,12.8,1,12.8,10.56,210,"Europe"
"674",1387428,1,0.1,1,0.1,0.09,162,"Europe"
"675",1387900,1,2.2,7,2.2,1.82,154,"Europe"
"676",1388213,1,8,1,4.27,3.52,3,"Europe"
"677",1388367,0,0.5,2,0.43,0.37,143,"Europe"
"678",1388443,1,2,1,2,1.65,147,"Europe"
"679",1388652,1,3.2,1,2.4,1.98,208,"Europe"
"680",1388715,1,18,1.33,6.67,5.5,15,"Europe"
"681",1388815,1,1.6,1,1.6,1.32,212,"Asia"
"682",1388932,1,8,1,2,1.65,189,"Europe"
"683",1389029,1,5.6,15.33,2.13,1.76,152,"Europe"
"684",1389178,1,1,2,0.6,0.5,1,"Europe"
"685",1389289,1,3.2,1,2.2,1.82,197,"Europe"
"686",1389377,1,2.7,1,1.95,1.61,8,"Europe"
"687",1389533,1,1.8,2.33,0.62,0.54,171,"Europe"
"688",1389553,1,18,1,18,14.85,187,"Europe"
"689",1389641,1,2,1,0.75,0.62,154,"Europe"
"690",1389894,1,1.5,2,1.25,1.03,181,"Europe"
"691",1389904,0,0.1,1,0.1,0.08,219,"Europe"
"692",1389926,1,7.2,1,7.2,5.94,219,"Europe"
"693",1390033,1,2,3.5,1.75,1.44,2,"Europe"
"694",1390100,1,3.2,1,3.2,2.64,198,"Europe"
"695",1390384,1,0.5,1,0.5,0.41,187,"Europe"
"696",1390690,1,0.8,1,0.8,0.66,184,"Europe"
"697",1390696,0,0.6,1,0.6,0.5,218,"Europe"
"698",1390723,1,24,1.12,5.54,4.57,16,"Europe"
"699",1390748,1,1.6,1,1.3,1.07,208,"Europe"
"700",1390778,1,0.5,1,0.5,0.41,14,"Europe"
"701",1390883,1,0.1,1,0.1,0.08,212,"Europe"
"702",1390932,1,1,1,1,0.82,217,"Asia"
"703",1391272,1,3.2,1,3.2,2.96,199,"Europe"
"704",1391473,1,2,1,2,1.65,217,"Europe"
"705",1391519,1,4,1,4,3.3,215,"Europe"
"706",1391542,1,0.4,1,0.4,0.33,198,"Europe"
"707",1391803,1,3.3,1.19,0.52,0.43,3,"Europe"
"708",1391872,1,1,1.67,0.67,0.55,141,"Europe"
"709",1392162,1,0.3,2,0.3,0.25,29,"Europe"
"710",1392173,1,2,1,2,1.65,215,"Europe"
"711",1392179,1,1,1.25,0.52,0.43,15,"Europe"
"712",1392193,1,1,1,0.78,0.64,142,"Europe"
"713",1392409,1,1,1.33,0.7,0.58,129,"Asia"
"714",1392449,1,14.4,1,13.33,11,1,"Europe"
"715",1392653,1,12,1.25,6.8,5.61,16,"Europe"
"716",1392675,1,0.5,1,0.5,0.41,192,"Europe"
"717",1392697,1,4.2,6,1.77,1.48,52,"Europe"
"718",1392711,1,1,10,1,0.82,198,"Europe"
"719",1392910,0,0.6,1,0.6,0.5,170,"Europe"
"720",1392955,1,6.4,1,3.33,2.75,168,"Europe"
"721",1393223,1,16,1.33,8,6.6,209,"Europe"
"722",1393349,1,8,1,8,6.6,200,"Europe"
"723",1393391,1,3.2,1,3.2,2.96,213,"Asia"
"724",1393500,1,0.5,4,0.4,0.33,189,"Europe"
"725",1393503,1,0.5,1,0.5,0.41,25,"Europe"
"726",1393620,1,1.6,0.9,0.63,0.52,140,"Europe"
"727",1393645,1,16,1.08,5.85,4.91,8,"Europe"
"728",1393665,1,0.2,2,0.2,0.16,190,"Europe"
"729",1393769,1,19.2,1.5,12.05,9.94,29,"Europe"
"730",1393927,1,0.1,1,0.1,0.08,178,"Europe"
"731",1394144,1,3.2,1,3.2,2.64,217,"Europe"
"732",1394220,1,0.6,1,0.35,0.29,184,"Asia"
"733",1394573,1,8.08,1.22,2.86,2.36,185,"Europe"
"734",1394709,1,2.5,3.5,2,1.65,205,"Europe"
"735",1394725,1,51.2,1.79,18.97,15.97,2,"Europe"
"736",1394834,1,6,1,4.2,3.47,200,"Europe"
"737",1394843,1,1,1.75,0.31,0.25,183,"Europe"
"738",1394955,1,4.8,1,4,3.3,155,"Europe"
"739",1395001,1,68,1.57,11.8,9.76,2,"Europe"
"740",1395057,1,4.8,2.2,2.14,1.88,35,"Europe"
"741",1395069,0,115.2,1,115.2,95.04,217,"Europe"
"742",1395299,1,6.4,2,1.54,1.27,133,"Europe"
"743",1395469,1,6.8,1.47,3.18,2.63,129,"Europe"
"744",1395589,1,3.2,1.15,1.08,0.9,40,"Europe"
"745",1395622,1,3.2,1,2,1.65,176,"Europe"
"746",1395724,1,5.4,0.5,2.7,2.23,192,"Europe"
"747",1395819,1,0.5,1,0.5,0.41,18,"Europe"
"748",1395825,0,54,1,21,17.32,201,"Europe"
"749",1395909,1,1.6,1,0.74,0.62,9,"Europe"
"750",1396049,1,4.8,2,4.8,3.96,213,"Europe"
"751",1396318,1,0.5,1,0.5,0.41,202,"Europe"
"752",1396378,0,2,1.8,1.16,0.96,10,"Europe"
"753",1396513,1,9.6,1,6.8,5.61,154,"Europe"
"754",1396577,1,1.6,1,1,0.82,88,"Europe"
"755",1396721,1,4,1,3.6,2.97,209,"Europe"
"756",1396795,1,2,1,2,1.65,201,"Europe"
"757",1396876,1,0.6,1,0.6,0.5,196,"Europe"
"758",1396892,1,28.8,1,28.8,23.76,169,"Europe"
"759",1396906,1,5,3,5,4.12,87,"Europe"
"760",1397211,0,1.6,1,1.6,1.32,189,"Europe"
"761",1397305,1,0.1,1,0.1,0.08,154,"Europe"
"762",1397320,1,13.5,0.67,6.63,5.47,67,"Europe"
"763",1397403,1,0.5,1,0.5,0.41,205,"Europe"
"764",1397431,1,0.3,1,0.3,0.25,114,"Europe"
"765",1397543,1,1.5,1.2,0.62,0.51,3,"Europe"
"766",1397562,1,3.2,1,1.05,0.87,42,"Asia"
"767",1397691,1,1.8,1,1.8,1.49,127,"Europe"
"768",1397848,1,2,1,2,1.65,108,"Europe"
"769",1397859,1,0.8,1,0.8,0.66,8,"Europe"
"770",1398011,1,83.2,2.25,34.4,28.38,168,"Europe"
"771",1398012,1,6.5,1.1,1.04,0.86,2,"Europe"
"772",1398087,1,4,1,1.5,1.24,213,"Europe"
"773",1398105,1,3.2,0.95,0.77,0.67,32,"Europe"
"774",1398116,1,1,1,1,0.82,213,"Asia"
"775",1398171,1,0.8,1,0.8,0.66,15,"Europe"
"776",1398222,1,13.2,3,3.4,2.81,5,"Europe"
"777",1398349,1,3.2,1,2.33,2,162,"Europe"
"778",1398443,1,2,1,2,1.65,210,"Europe"
"779",1398566,1,1.6,1,1.6,1.32,162,"Europe"
"780",1398644,0,6.4,0.67,2.4,1.98,204,"Asia"
"781",1398690,1,72,0.5,36,29.7,3,"Europe"
"782",1398716,1,0.4,4,0.4,0.33,1,"Europe"
"783",1398739,0,0.5,1,0.5,0.41,173,"Europe"
"784",1398989,1,1.3,1.09,0.49,0.41,18,"Europe"
"785",1399123,1,1,1,1,0.82,189,"Asia"
"786",1399289,1,2,1,2,1.65,207,"Europe"
"787",1399290,1,0.5,1,0.3,0.25,207,"Europe"
"788",1399334,1,0.1,1,0.1,0.08,212,"Europe"
"789",1399506,1,3.2,1,3.2,2.64,84,"Europe"
"790",1399738,1,1,2,1,0.82,202,"Europe"
"791",1400103,1,0.8,1,0.45,0.41,119,"Europe"
"792",1400214,0,0.5,1,0.5,0.41,215,"Europe"
"793",1400262,1,5.4,1.86,1.07,0.89,28,"Europe"
"794",1400323,1,6.4,1,3.11,2.57,184,"Europe"
"795",1400373,1,0.8,1,0.4,0.34,145,"Europe"
"796",1400375,1,0.1,1,0.1,0.09,171,"Europe"
"797",1400421,1,6,1,2.33,1.92,117,"Europe"
"798",1400425,1,0.5,1,0.21,0.17,107,"Europe"
"799",1400502,1,2,1.5,1.1,0.91,162,"Europe"
"800",1400513,1,2.4,1.14,0.75,0.62,28,"Europe"
"801",1400563,0,2,1,2,1.65,216,"Europe"
"802",1400678,1,8,1,2.94,2.46,32,"Europe"
"803",1400702,1,0.5,1,0.3,0.25,184,"Europe"
"804",1400705,1,24.3,0.8,12.42,10.25,56,"Europe"
"805",1400772,1,4,1,4,3.3,5,"Europe"
"806",1400795,1,1.9,1.82,0.84,0.72,24,"Europe"
"807",1400863,1,1.6,1,1.05,0.87,163,"Europe"
"808",1400892,1,68,1.05,21.29,17.82,152,"Europe"
"809",1400922,0,0.2,2,0.2,0.16,210,"Europe"
"810",1400923,1,4.8,1,2.68,2.31,38,"Europe"
"811",1400992,1,16,1,8.05,6.64,191,"Europe"
"812",1401137,1,10,1.67,9.2,7.59,152,"Europe"
"813",1401180,1,95.9,4.09,9.22,8.03,6,"Europe"
"814",1401190,1,35.2,25.45,11.23,9.26,81,"Europe"
"815",1401225,1,4,4.5,2.25,1.86,2,"Europe"
"816",1401232,1,1.6,1,0.62,0.52,51,"Europe"
"817",1401327,1,0.5,1,0.5,0.41,204,"Europe"
"818",1401355,1,32,1,6,4.95,165,"Europe"
"819",1401388,1,6,1,6,4.95,216,"Asia"
"820",1401433,1,1.5,1,1.5,1.24,214,"Europe"
"821",1401436,1,2,0.94,0.57,0.47,1,"Europe"
"822",1401511,1,0.5,1,0.33,0.27,73,"Europe"
"823",1401659,1,1.7,2,1.7,1.4,100,"Europe"
"824",1401680,1,1,1,1,0.82,201,"Asia"
"825",1401779,1,6.4,0.5,3.2,2.64,159,"Europe"
"826",1401802,1,5,1.43,0.75,0.62,92,"Europe"
"827",1401894,1,0.1,1,0.1,0.09,185,"Europe"
"828",1401934,1,0.8,0.75,0.35,0.29,204,"Europe"
"829",1401965,1,1.8,2.25,0.72,0.6,196,"Europe"
"830",1401979,1,2.5,3.5,1.4,1.16,212,"Europe"
"831",1401983,1,0.5,1,0.5,0.41,215,"Europe"
"832",1402046,1,1,1,0.52,0.43,208,"Europe"
"833",1402062,1,12.8,1,4.44,3.79,2,"Europe"
